"id","collection_folder_id","user_id","collection_name","is_private","is_public","is_shared","is_group","is_analysis","created_at","shared_by","active_shared","folder_size","upload_token"
"00d3a486-e45e-4144-ab5c-dcf564168a4d","c0f6d3d5-c01a-4f38-98bb-217196d061dd","7aa77b88-afc6-11ee-b485-9616de9ca6c5","print","1","0","0","0",NULL,"2024-01-25 13:51:08",NULL,NULL,NULL,NULL
"015c6170-ffa1-4498-b714-52cb9aac0e31","46b3b99c-07ec-4ffa-8b66-80c5b9652e12","77e6314c-94ea-4728-8b5f-3f20b6c3356e","Fonds docu IA","1","0","0","0","0","2024-07-16 21:55:55",NULL,"0","0",NULL
"016e92d1-817d-4093-bd1f-d76f4c46fb11","6059e104-7f6a-4e0a-919d-886198464ce0","850e90c6-cf06-41e5-92ac-f7ef32f3d67e","ALEIA","1","0","0","0","0","2024-04-05 13:51:04",NULL,"0",NULL,NULL
"02c32f70-9a3c-4eda-ada3-c5ec2ad38d18","6b77930b-e907-43b3-9d2c-060ba3cabaaa","2e0b8ae4-c030-11ee-9b54-0242c0a81004","seo","1","0","0","0","0","2024-06-06 15:35:58",NULL,"0",NULL,NULL
"02dd8f39-cf10-4690-a201-7358bad4f5a7","3207ae0b-bd59-4a59-84fa-e42cb00388d1","7aa77b88-afc6-11ee-b485-9616de9ca6c5","YT_test","1","0","0","0","0","2024-08-02 14:53:52",NULL,"0","0","0"
"03d4f714-9a71-4fab-9ff2-c0fd5d1e97b3","7d58527d-5a51-4056-bbb1-a5187e1e825e","f38d5e2e-527c-46df-b171-3bc6c5ec2dd0","IA GEN","1","0","0","0","0","2024-07-08 19:16:37",NULL,"0",NULL,NULL
"04ca91e1-32b9-408e-8144-e7c7f9aed167","4858b340-70a5-40d1-bb92-af218e5c236d","d4da9920-fbeb-11ee-8e00-0242c0a81002","SEO","1","0","0","0","0","2024-08-06 07:44:46",NULL,"0","0","0"
"08f7aca9-4bad-4606-89ca-636835bced84","b4a57c0a-0a10-47c1-812c-4393955af2f6","85479d51-fbeb-11ee-8e00-0242c0a81002","Collection vide","1","0","0","0","0","2024-08-06 14:35:32",NULL,"0","0","0"
"093133d6-b945-4415-b49e-58bed8e40760","f2ab2b93-2e14-4d0b-9ad4-4887a3bc3668","2e0b8ae4-c030-11ee-9b54-0242c0a81004","Code du travail","1","0","0","0","0","2024-05-22 08:36:38",NULL,"0",NULL,NULL
"09f577ac-4b03-418d-ae54-7ab916e855bf","38ded1a9-a05c-45f8-8cc3-c77145b492b9","2e0b8ae4-c030-11ee-9b54-0242c0a81004","TGT","1","0","0","0","0","2024-04-04 08:07:45",NULL,"0",NULL,NULL
"0a7c597d-4bdd-4b18-8aae-523598883c58","74b99cc1-62c4-417c-aa1e-7ed76797732b","7273cf8b-0bd5-492a-9ebb-d9918e6eeaea","Idéation IA","1","0","0","0","0","2024-06-25 10:13:52",NULL,"0",NULL,NULL
"0af79daa-6dae-4df5-809e-673bdcef39f1","28414f56-c447-48eb-86c8-83bdba9e70e9","a4fce0e1-cefb-4c75-bcf1-4ebdc4311e3f","CODE PENAL","1","0","1","0","0","2024-08-06 08:29:12",NULL,"0","0","0"
"0c3466db-d41e-4ec6-b83a-9f4944a65479","ff931c7e-58e3-425a-8df4-3e5c411cb15e","850e90c6-cf06-41e5-92ac-f7ef32f3d67e","Omexo","1","0","0","0","0","2024-04-05 14:36:09",NULL,"0",NULL,NULL
"0edef36d-a6e6-4ea6-9240-d109f6488d7e","67c779d1-1402-4727-9ad3-eb52bd61f3b6","850e90c6-cf06-41e5-92ac-f7ef32f3d67e","Courses hippiques","1","0","0","0","0","2024-07-26 10:45:55",NULL,"0","0","0"
"0f59c580-f2ba-4af2-bdb7-28e5d95aca59","7873205e-b292-43e1-b1ec-fb81f60ce23f","7aa77b88-afc6-11ee-b485-9616de9ca6c5","test_1851","1","0","0","0","0","2024-05-16 15:52:02",NULL,"0",NULL,NULL
"0f5b0870-9a95-4640-87ef-2d7cb465b517","978229e5-6745-4ccc-8513-222803525ef9","7aa77b88-afc6-11ee-b485-9616de9ca6c5","ingest","1","0","0","0","0","2024-02-28 08:15:31",NULL,NULL,NULL,NULL
"10a59b3a-347d-474a-9a21-9b77011c6591","05665a9b-d922-40eb-95ae-6d0796b3d73f","850e90c6-cf06-41e5-92ac-f7ef32f3d67e","KPIs et AI MIT","1","0","0","0","0","2024-06-07 09:02:42",NULL,"0",NULL,NULL
"1139e806-a8be-48aa-a96b-34e65ac526c6","315156f5-4878-43d9-83ca-f7d304db65a0","850e90c6-cf06-41e5-92ac-f7ef32f3d67e","HGO consentement","1","0","0","0","0","2024-06-14 12:38:16",NULL,"0",NULL,NULL
"1146dfe2-7466-4478-b22d-a1a2fd83559b","ae70b1d8-eb56-4c69-8d98-a72c0d18c635","77e6314c-94ea-4728-8b5f-3f20b6c3356e","POSITIONNING AD","1","0","0","0","0","2024-07-06 14:13:02",NULL,"0",NULL,NULL
"1200fc22-f39b-4e7a-a6b9-21a51856f33c","036d8cf6-615d-49d4-aee3-3343491ccbe8","2e0b8ae4-c030-11ee-9b54-0242c0a81004","CGI","1","0","0","0","0","2024-05-27 15:12:11",NULL,"0",NULL,NULL
"131f1685-0f06-449a-bf36-5e840f7b8e2f","bda6b87e-42bd-4975-b490-381edcaa95d2","850e90c6-cf06-41e5-92ac-f7ef32f3d67e","Haribo","1","0","0","0","0","2024-04-28 14:00:24",NULL,"0",NULL,NULL
"156f57dd-6823-45c4-8167-9f340b7db5a0","9a9ab20c-e1e8-40a5-a64d-165801ad8d39","77e6314c-94ea-4728-8b5f-3f20b6c3356e","IA et EU","1","0","0","0","0","2024-07-16 09:40:43",NULL,"0","0",NULL
"159470ea-8a05-4430-a1ef-46cb025af356","1f33dcc2-1b47-40a8-8342-5cc6855d05da","c854bddf-da9f-4c4c-99a1-ad0feafcd275","Baromètre RH","1","0","0","0","0","2024-06-25 08:59:14",NULL,"0",NULL,NULL
"178a64b2-0600-480b-b696-9fb8a8c067d9","b47078ce-9382-4f54-9e1b-a7bbe93d86ef","f6d12c1b-1456-11ef-be9a-0242c0a81005","Académie Soft Skills","1","0","0","0","0","2024-06-25 13:56:11",NULL,"0",NULL,NULL
"1850470c-6e93-403b-8dea-f84329892910","e2662bb7-c2eb-4311-b3d1-dcaec7eaecb8","7aa77b88-afc6-11ee-b485-9616de9ca6c5","collections","1","0","0","0",NULL,"2024-01-25 12:57:16",NULL,NULL,NULL,NULL
"1887bab8-34e1-4e1c-b893-35899a7ceaff","f8940dd6-f0e7-4dbd-9a26-fbed184ee689","8bf207dc-479e-464b-a4c3-a3a40faa5995","Collection","1","0","0","0","0","2024-08-06 14:59:57",NULL,"0","0","0"
"1a44faa1-f89b-4799-a17a-edbfc68938d3","3be20689-a53e-423d-97ef-ad1a68b455cf","7aa77b88-afc6-11ee-b485-9616de9ca6c5","test3001243","1","0","0","0",NULL,"2024-01-30 15:59:07",NULL,NULL,NULL,NULL
"1cdf9fba-4c8c-4943-9fb4-006f6b2c2b47","10fa2e36-11a7-4359-978c-91670bfbf0ff","7aa77b88-afc6-11ee-b485-9616de9ca6c5","test_fail","1","0","0","0","0","2024-05-27 09:22:05",NULL,"0",NULL,NULL
"1e3e9e0d-c8f9-4dda-b278-a7ce878e4795","72534cca-221f-47b1-a45d-e5fe6c1cb62d","77e6314c-94ea-4728-8b5f-3f20b6c3356e","Setting","1","0","0","0","0","2024-06-24 22:04:37",NULL,"0",NULL,NULL
"1ef214a1-058b-4728-b40f-8682fe3ca5ff","32009e2f-6384-4295-b979-adec0d9b7e6a","850e90c6-cf06-41e5-92ac-f7ef32f3d67e","CV MG","1","0","0","0","0","2024-07-17 14:46:55",NULL,"0","0",NULL
"1f37facd-b240-41eb-94a4-66aea13cbfca","bcb800a2-4a79-4284-bb2f-1cb48e05e3ea","77e6314c-94ea-4728-8b5f-3f20b6c3356e","BRANDING","1","0","0","0","0","2024-05-13 12:51:13",NULL,"0",NULL,NULL
"1f7f2587-e2f4-410e-bfc8-c511ae9c70b2","81ecf66b-462d-46d6-8e3a-9c9bbe3c401b","850e90c6-cf06-41e5-92ac-f7ef32f3d67e","GenAI & cas métiers","1","0","0","0","0","2024-05-04 14:12:37",NULL,"0",NULL,NULL
"1f8cb325-2193-4a56-aa6f-3ffdafe03c2e","be353831-c5ad-4816-9400-2a950a8e7d0c","7aa77b88-afc6-11ee-b485-9616de9ca6c5","test_volum_1","1","0","0","0","0","2024-05-27 08:26:13",NULL,"0",NULL,NULL
"20439047-8aaa-4f0b-85b5-9c360a491353","35e4f661-ce15-4d89-ba2b-e00a1737dbf9","07ea82dc-d63d-11ee-b42d-9215b021ba2c","test","1","0","0","0","0","2024-02-28 15:40:58",NULL,NULL,NULL,NULL
"20c0ba4d-221d-4e31-94f9-ba4986fb65bf","8cb24b73-24ab-4ed8-aafc-607415a97e16","2e0b8ae4-c030-11ee-9b54-0242c0a81004","constellation","1","0","0","0","0","2024-04-04 08:02:55",NULL,"0",NULL,NULL
"23dd9e69-8e36-419b-8bbd-faeff0f4b906","f639c301-82a3-4ebd-987d-b4bc4e7d0809","7aa77b88-afc6-11ee-b485-9616de9ca6c5","test_1305","1","0","0","0","0","2024-05-13 09:51:25",NULL,"0",NULL,NULL
"24794536-7d18-4b52-9518-f00d043d1faa","224a0e5a-131a-446a-8983-39c610ba8403","7aa77b88-afc6-11ee-b485-9616de9ca6c5","test","1","0","0","0",NULL,"2024-01-25 12:37:55",NULL,NULL,NULL,NULL
"249181cb-0556-405a-8f80-290a4ec2adc6","c9eb93df-1f9e-4a10-9b75-b3aa23ccd033","850e90c6-cf06-41e5-92ac-f7ef32f3d67e","TEST WORD2","1","0","0","0","0","2024-07-03 12:26:36",NULL,"0",NULL,NULL
"26975519-315b-4248-aa32-b701efb577d9","5acac39a-42fb-4708-9a16-45ea366cabb0","2e0b8ae4-c030-11ee-9b54-0242c0a81004","Matrice","1","0","0","0","0","2024-06-10 08:59:38",NULL,"0",NULL,NULL
"26e21e87-f602-4daa-b6c7-52c873cb1820","e3508329-8fa1-4646-938c-9bca0bbd7dc7","f6d12c1b-1456-11ef-be9a-0242c0a81005","Prés","1","0","0","0","0","2024-06-24 08:09:53",NULL,"0",NULL,NULL
"277eb7e5-f347-459a-bd7a-1ca5635e4972","c40c26e1-3672-47cc-89c8-f63a2b0cbd72","b0cf2fd7-6da0-4acf-a222-c6a1c97da1af","Collection vide","1","0","0","0","0","2024-07-25 14:27:01",NULL,"0","0","0"
"28bfb9c9-ab14-4cd2-9aa8-38719ef9e76e","009fe6dd-7f4a-46a9-a335-32e0d765886f","850e90c6-cf06-41e5-92ac-f7ef32f3d67e","ivanti","1","0","0","0","0","2024-04-16 10:40:17",NULL,"0",NULL,NULL
"2bb89bb9-daef-4caa-b1e7-976bd411b7f3","54a2d928-bfcd-4758-b6c7-9ce8044e56f3","7aa77b88-afc6-11ee-b485-9616de9ca6c5","test collection","1","0","0","0","0","2024-05-13 07:28:20",NULL,"0",NULL,NULL
"2d4c2a6d-1dac-48e8-8591-a28268363287","ec184224-c44a-4a2d-9a7a-e9d32dbaf496","d4da9920-fbeb-11ee-8e00-0242c0a81002","Mya VS Twifone","1","0","0","0","0","2024-08-01 09:06:01",NULL,"0","0","0"
"2d50e109-afdc-4512-855c-8b7afb420336","d6ea4fb1-6ac5-466f-8cd2-dde35e34f571","f38d5e2e-527c-46df-b171-3bc6c5ec2dd0","IA","1","0","0","0","0","2024-07-08 17:49:19",NULL,"0",NULL,NULL
"2e7b819e-6d91-43be-983d-cfffd9a168e3","d15740f7-6cf2-425f-b9a9-7db34f01f9d9","7aa77b88-afc6-11ee-b485-9616de9ca6c5","test_vids1557","1","0","0","0","0","2024-06-06 12:57:48",NULL,"0",NULL,NULL
"2ea05452-6fd2-4844-8c4e-45d90bab9cc9","b367c074-8aed-4e61-8bec-22c9671c8d1e","a4fce0e1-cefb-4c75-bcf1-4ebdc4311e3f","test","1","0","0","0","0","2024-07-26 07:26:47",NULL,"0","0","0"
"2fe70fd8-0706-40cd-b4f1-4b5b3b212f9b","5fbb80cf-92c2-45d4-ade4-260bfcebe29f","2e0b8ae4-c030-11ee-9b54-0242c0a81004","Commerce","1","0","0","0","0","2024-07-17 08:31:20",NULL,"0","0",NULL
"336bcd65-995a-4b7e-8a7a-a93e487fc176","fe36a625-3802-44e4-a69a-3ccfe1cd7753","7aa77b88-afc6-11ee-b485-9616de9ca6c5","oko","1","0","0","0","0","2024-05-13 08:11:37",NULL,"0",NULL,NULL
"342c4674-f101-4f75-b1ab-09c1f4aaea55","dd86e64c-40ac-478e-835d-4c72c9301493","7aa77b88-afc6-11ee-b485-9616de9ca6c5","tadam","1","0","0","0",NULL,"2024-01-25 12:59:17",NULL,NULL,NULL,NULL
"34c81015-8e52-4e8b-b143-1c79435f6dab","35149529-2389-4e91-af0e-2e993958c7b0","850e90c6-cf06-41e5-92ac-f7ef32f3d67e","Analyse de style","1","0","0","0","0","2024-07-19 10:08:45",NULL,"0","0",NULL
"355b2dfa-9f73-4c06-8749-c47778e8ad06","6980b5f5-822f-4c8b-baec-18c84849cc46","850e90c6-cf06-41e5-92ac-f7ef32f3d67e","Pricing mA","1","0","0","0","0","2024-06-18 16:35:01",NULL,"0",NULL,NULL
"3700881d-28f4-42ce-bfd3-ad44b14801fc","51b42506-1d20-4cce-aaf6-0dc39191d18c","850e90c6-cf06-41e5-92ac-f7ef32f3d67e","axa","1","0","0","0","0","2024-04-16 11:00:58",NULL,"0",NULL,NULL
"37c547df-c919-4d3c-9611-738290fe149d","b250d22f-f3ae-4592-ae2c-7e7429f7a5d2","7aa77b88-afc6-11ee-b485-9616de9ca6c5","new","1","0","0","0",NULL,"2024-01-23 09:25:41",NULL,NULL,NULL,NULL
"385a0535-7365-4d08-935b-4a854942289d","40589788-1a0f-4a5b-afa8-c9eedf77afa6","7aa77b88-afc6-11ee-b485-9616de9ca6c5","agendize 22","1","0","0","0","0","2024-04-02 15:28:10",NULL,"0",NULL,NULL
"3962fea2-7e0d-4549-a74f-2c66ee6c4f96","812bc5e8-7225-4f6a-a41c-f02a651b3460","77e6314c-94ea-4728-8b5f-3f20b6c3356e","MKG myA","1","0","0","0","0","2024-06-26 10:45:31",NULL,"0",NULL,NULL
"39fcb3be-e94c-4829-9b6f-ff39a5c68482","9dd23a13-2ba3-4737-af3c-e37a2be75f22","850e90c6-cf06-41e5-92ac-f7ef32f3d67e","HGO sortie","1","0","0","0","0","2024-06-14 12:39:28",NULL,"0",NULL,NULL
"3b26ce68-0416-4327-a517-fd82bb508c80","59fd2605-f867-463b-a91e-f3793d0d21f4","4115d3c9-488f-41a8-b76f-93da18d10060","Collection vide","1","0","0","0","0","2024-08-01 11:59:38",NULL,"0","0","0"
"3db64e03-4be3-4b1e-94a3-55486195d6ee","558d5422-69c9-4426-9727-327038559249","f38d5e2e-527c-46df-b171-3bc6c5ec2dd0","STATUT COLCAB","1","0","0","0","0","2024-07-10 09:56:34",NULL,"0","0",NULL
"3e23a600-9e7d-43cb-8cf0-74dd1daa0af1","bac54644-65b7-40a7-bd64-5f81bf8763e2","850e90c6-cf06-41e5-92ac-f7ef32f3d67e","SOFREGAZ","1","0","0","0","0","2024-04-17 15:39:58",NULL,"0",NULL,NULL
"40a508b2-7292-400b-a74c-0a34b517769e","edbc2b10-6daa-4430-96ab-79fc28460415","5392a00a-4d18-4306-8273-8721729c247b","Collection vide","1","0","0","0","0","2024-07-16 17:09:27",NULL,"0","0",NULL
"41321215-6f38-430d-8e2d-9bd85dc1288a","21fa1f83-d77e-4b55-aa04-3ac8ea45e069","77e6314c-94ea-4728-8b5f-3f20b6c3356e","MUSCU","1","0","0","0","0","2024-07-02 14:54:49",NULL,"0",NULL,NULL
"413e6d6f-18be-4406-966a-a0d0687507c8","403e4c78-240a-49af-a5e5-d9eac24b0c8f","77e6314c-94ea-4728-8b5f-3f20b6c3356e","Coldemail","1","0","0","0","0","2024-06-16 09:51:46",NULL,"0",NULL,NULL
"43b7803a-56f8-4b32-9456-e77d773e6593","358df2c0-9a2c-49b5-b220-a64dc706621e","850e90c6-cf06-41e5-92ac-f7ef32f3d67e","Actu RH","1","0","0","0","0","2024-05-20 13:34:29",NULL,"0",NULL,NULL
"44262dd5-d5d8-4d7c-a464-4f7e57284a8a","b501e2a8-7506-4210-a263-5e5d8cb851e3","7273cf8b-0bd5-492a-9ebb-d9918e6eeaea","Sortie contre avis","1","0","0","0","0","2024-06-25 08:55:00",NULL,"0",NULL,NULL
"4592a73c-25a1-4942-adf7-863230855024","0c0bdb3f-3dfd-4873-97be-4d96d4f654d7","850e90c6-cf06-41e5-92ac-f7ef32f3d67e","Contrats Sediver","1","0","0","0","0","2024-04-05 14:09:24",NULL,"0",NULL,NULL
"4681e390-d90a-4312-97f0-4d25523df721","0c7e27b8-8b7b-4788-bc6b-030526eae9db","7aa77b88-afc6-11ee-b485-9616de9ca6c5","huh","1","0","0","0",NULL,"2024-01-25 12:38:33",NULL,NULL,NULL,NULL
"479981fa-6174-4456-8619-5154ad42431d","ec3f7286-3224-4b20-8eca-ad0cc1af3b22","850e90c6-cf06-41e5-92ac-f7ef32f3d67e","Idéation IA","1","0","0","0","0","2024-05-15 08:38:36",NULL,"0",NULL,NULL
"48b06d84-c122-4432-b8e5-44827e4cf412","cddec1f3-bffe-4b02-aa83-b7ec25d7be5f","f6d12c1b-1456-11ef-be9a-0242c0a81005","Cas d'usage #1","1","0","0","0","0","2024-07-10 12:34:26",NULL,"0","0",NULL
"4aefeaaa-3442-4c08-8b45-443afa4665d3","5c141443-e60e-4354-9d68-de0855089055","6e5488de-b4ef-4e72-9737-618ce90a710a","IA et cas d'usage","1","0","0","0","0","2024-06-24 14:57:12",NULL,"0",NULL,NULL
"4d652da2-21cb-4dfe-9339-b55ef2302d8c","17f0b041-3a97-4878-86d2-9613f8620a60","850e90c6-cf06-41e5-92ac-f7ef32f3d67e","Omexom3","1","0","0","0","0","2024-04-05 15:45:02",NULL,"0",NULL,NULL
"4e912597-0d23-447b-9d8d-c235c0e50e6c","8fc6d572-aac4-4abc-84a5-be0799c89325","850e90c6-cf06-41e5-92ac-f7ef32f3d67e","Soft skills RH","1","0","0","0","0","2024-05-30 09:57:19",NULL,"0",NULL,NULL
"4f17720a-5c7a-4a4d-b493-0105e85147e4","16a3d0fe-75cd-4b39-b8cb-0b17c65680db","7aa77b88-afc6-11ee-b485-9616de9ca6c5","test_collection","1","0","0","0",NULL,"2024-01-31 11:28:28",NULL,NULL,NULL,NULL
"51e2c035-b0c4-478a-aa3d-8ee7ab5ee015","e09b980f-ac47-4f12-8b40-6b092dc7c8df","2e0b8ae4-c030-11ee-9b54-0242c0a81004","Anglais","1","0","0","0","0","2024-06-10 08:28:17",NULL,"0",NULL,NULL
"51f3b580-a9bf-476c-99c0-6861116ea65e","b9874cdd-469c-4a1f-8295-652d26b1f085","2e0b8ae4-c030-11ee-9b54-0242c0a81004","test Andofitia","1","0","0","0","0","2024-04-22 08:40:22",NULL,"0",NULL,NULL
"51fb1181-f928-46ca-adbd-e630b2bb331e","f234dfa1-e404-4d34-bf4c-d9dbd03d55da","c854bddf-da9f-4c4c-99a1-ad0feafcd275","Sortie contre avis","1","0","0","0","0","2024-06-25 09:05:51",NULL,"0",NULL,NULL
"53c08fda-b402-40b2-857c-9764e3792faa","eb29d7eb-096e-4b95-bf1a-22d737aa4bd5","7aa77b88-afc6-11ee-b485-9616de9ca6c5","njiiiuhiuhu","1","0","0","0",NULL,"2024-01-25 12:43:22",NULL,NULL,NULL,NULL
"541b95b2-961b-4535-90a5-71092ec58d91","0a472545-3e31-4326-bdc7-cb2819f873fc","7aa77b88-afc6-11ee-b485-9616de9ca6c5","agendize","1","0","0","0","0","2024-04-02 14:51:00",NULL,"0",NULL,NULL
"552b6343-287b-46c1-99bb-167f024764aa","e5287413-b703-4672-b1fc-35ab73b99869","850e90c6-cf06-41e5-92ac-f7ef32f3d67e","Selling","1","0","0","0","0","2024-06-20 16:18:02",NULL,"0",NULL,NULL
"5558f0a0-c5ba-45bf-9fb4-78b4998723da","c8035fc3-24ac-4bb2-b44d-8b92287e5918","5c427b8e-b7e8-4731-8f7c-3a88d69829b2","Collection vide","1","0","0","0","0","2024-07-26 09:35:10",NULL,"0","0","0"
"5587bcef-5bc4-4340-9d8a-09947f8afd64","3ebe20e2-bcc1-4594-8a0b-1f34d32433cc","77e6314c-94ea-4728-8b5f-3f20b6c3356e","R1 TGT","1","0","0","0","0","2024-07-16 11:52:06",NULL,"0","0",NULL
"56ff0c08-0c24-49b5-9dfc-6e4adaa64d6a","eee3fd8d-b658-43f7-8a74-d564f1d7ed66","7aa77b88-afc6-11ee-b485-9616de9ca6c5","llm","1","0","0","0",NULL,"2024-01-25 14:00:08",NULL,NULL,NULL,NULL
"585990a6-b269-422a-ae63-50132a7cf6f6","cd8e8535-1983-462b-a0a4-b832c93d89ac","0f3f0760-1446-11ef-be9a-0242c0a81005","Code du commerce","1","0","0","0","0","2024-06-07 13:52:59",NULL,"0",NULL,NULL
"59335b13-839d-4b81-944c-22693409d237","480dc0b1-dbdb-43c0-9525-de020dfa040b","a68b20a3-58e6-4dbd-b83e-2763c5148896","Sortie CAM","1","0","0","0","0","2024-06-17 07:41:36",NULL,"0",NULL,NULL
"5a1331df-8d97-4517-a60f-7a32c4d5a63e","840ff6ad-da3a-4fc5-b0b1-a870ae5d4330","850e90c6-cf06-41e5-92ac-f7ef32f3d67e","Onboardings mA","1","0","0","0","0","2024-07-08 11:55:24",NULL,"0",NULL,NULL
"5ada4510-5f79-4d29-9a47-40cff3d90dc2","f636b782-1ad3-4f9e-a4b3-6777c5914591","d4da9920-fbeb-11ee-8e00-0242c0a81002","YT","1","0","1","0","0","2024-08-01 15:03:18",NULL,"0","0","0"
"5be56452-1387-4d2f-a485-b33c4bfe8e8b","ac582f11-33ce-46f8-8d16-143a34ea3824","850e90c6-cf06-41e5-92ac-f7ef32f3d67e","axa2","1","0","0","0","0","2024-04-16 11:16:36",NULL,"0",NULL,NULL
"5c21c51b-2c92-48dc-89f4-8d67a29c8548","675284af-b436-4014-97c1-76927430ccc5","8dab84f4-1805-49f9-bb0c-02849b3374e0","YT","1","0","1","0","0","2024-08-01 15:01:31",NULL,"0","0","0"
"5c8daf09-db38-4532-990f-682f4efa9ec6","3db2b4a9-0579-4ab5-bbef-da78810b5ad6","7aa77b88-afc6-11ee-b485-9616de9ca6c5","sediver","1","0","0","0","0","2024-02-26 09:09:03",NULL,NULL,NULL,NULL
"5d3394ce-c0e6-48fe-b05a-f2c6707b571c","89ef10c4-7c98-4e99-9ea2-ea47b7236b82","850e90c6-cf06-41e5-92ac-f7ef32f3d67e","Omexom4","1","0","0","0","0","2024-04-09 16:22:35",NULL,"0",NULL,NULL
"5d395519-c82e-462a-b38c-42ef69b22473","bc9913b7-598c-41fa-bbf3-d07f2b8aff73","129f3f21-9a13-4671-a049-cb58840d7779","BPF","1","0","0","0","0","2024-07-08 14:37:37",NULL,"0",NULL,NULL
"5da66891-11aa-4bae-bfde-7c5117754baf","25d5aee3-225d-44ad-a156-a8bda4a8a1af","850e90c6-cf06-41e5-92ac-f7ef32f3d67e","Tour de France","1","0","0","0","0","2024-07-25 09:45:27",NULL,"0","0","0"
"5e39bb9f-79cb-425b-ab0c-579d89c0f4c2","351fd4ea-3b0b-4594-b94f-c405e47ae41f","2e0b8ae4-c030-11ee-9b54-0242c0a81004","app mobile ostie ","1","0","0","0","0","2024-04-22 08:45:45",NULL,"0",NULL,NULL
"600be403-9348-4307-9509-5c2de57fdcc1","888bc0dc-5e2e-4eac-b2c1-5146fa26b169","129f3f21-9a13-4671-a049-cb58840d7779","HSE","1","0","0","0","0","2024-07-11 11:38:01",NULL,"0","0",NULL
"63496d3d-9289-4b9c-8293-5c0a624387a3","02f869c4-04fc-46ac-b3ae-988d3c3ed9ad","a68b20a3-58e6-4dbd-b83e-2763c5148896","Indicateurs","1","0","0","0","0","2024-06-17 07:35:30",NULL,"0",NULL,NULL
"65ac3e99-14c6-4529-b27b-0b5a037a310d","cb755bdc-2aff-4bea-8fee-8d52814eddbd","f6d12c1b-1456-11ef-be9a-0242c0a81005","Efficacité personnel","1","0","0","0","0","2024-07-23 07:39:16",NULL,"0","0",NULL
"65c14aec-2d3e-4c41-8046-d6d8163f3196","2b831c8b-6aab-4c3d-8879-816baacbc37a","2e0b8ae4-c030-11ee-9b54-0242c0a81004","Ostie2","1","0","0","0","0","2024-04-04 08:07:45",NULL,"0",NULL,NULL
"65f6410d-426d-47ed-8109-eba97f153df0","26066969-ec1f-40ee-9510-120873c92f35","2a4c4aca-bb67-4aa0-8411-b104fcd3d7ec","Idéation IA","1","0","0","0","0","2024-06-25 09:23:29",NULL,"0",NULL,NULL
"6735284c-e0d9-459a-af26-51d734cd0264","893bfc9d-c21a-4927-8b3c-a9c71a84509d","2e0b8ae4-c030-11ee-9b54-0242c0a81004","ostie mobile","1","0","0","0","0","2024-06-06 15:27:44",NULL,"0",NULL,NULL
"682a3a06-a4c9-4e79-951e-545390887c8c","77d2b16c-23a3-40c4-9613-16bde2f15ac5","ee71a667-62ee-4866-9c5b-9842e7822f4b","Sortie contre avis","1","0","0","0","0","2024-06-25 07:52:07",NULL,"0",NULL,NULL
"6916a882-1249-4afd-8097-13a58013accb","185bc1ab-afd7-4bea-a284-f5d89652e748","77e6314c-94ea-4728-8b5f-3f20b6c3356e","pharmastrat2","1","0","0","0","0","2024-06-06 20:34:25",NULL,"0",NULL,NULL
"69dd5ef2-96b5-4577-b42b-c560efba39c9","91502862-ec76-45fd-a8f5-d452525b94b0","f38d5e2e-527c-46df-b171-3bc6c5ec2dd0","AUDIOS","1","0","0","0","0","2024-07-25 07:54:38",NULL,"0","0","0"
"6af16535-bbf2-4d92-a490-b0c28f8a1b4a","20ce8491-849e-4f48-ac4f-94da04a54f92","7aa77b88-afc6-11ee-b485-9616de9ca6c5","Twifone","1","0","1","0","0","2024-08-06 11:59:41",NULL,"0","0","0"
"6c9920fa-847d-4e55-9015-ae78d03ac0e4","6f7a2005-b9e5-49a9-b3fc-702fc2e8a6d2","850e90c6-cf06-41e5-92ac-f7ef32f3d67e","Propale test","1","0","0","0","0","2024-05-17 11:58:13",NULL,"0",NULL,NULL
"70fa8291-b57b-47f8-88cf-17c1a0d642b3","4e41ed8f-8179-47f7-8a72-d0a844420115","ee71a667-62ee-4866-9c5b-9842e7822f4b","Baromètre RH","1","0","0","0","0","2024-06-25 07:53:50",NULL,"0",NULL,NULL
"72a9d7c7-a291-40dc-a066-da10ba2bf125","784155d1-4f5d-4217-b947-82f6796ba385","7aa77b88-afc6-11ee-b485-9616de9ca6c5","vba","1","0","0","0","0","2024-07-17 07:43:38",NULL,"0","0",NULL
"741fa263-49eb-4422-9a51-f9be677c8f5e","beec4f33-2a4a-491a-89ec-219904b77518","7aa77b88-afc6-11ee-b485-9616de9ca6c5","mistral ai","1","0","0","0","0","2024-04-16 07:46:08",NULL,"0",NULL,NULL
"747a78b6-2db7-48a3-9bc9-d0e93d814cab","e841ef7f-0f14-4f4f-817b-bc2c1993e7cc","850e90c6-cf06-41e5-92ac-f7ef32f3d67e","Analyse de contrats","1","0","0","0","0","2024-05-15 15:04:23",NULL,"0",NULL,NULL
"748f27fd-75cc-4313-bc4d-be0a6bad0e15","9f05e7bc-a766-4fda-9b02-b5eb6ee39026","f6d12c1b-1456-11ef-be9a-0242c0a81005","Propositions","1","0","0","0","0","2024-05-17 14:46:24",NULL,"0",NULL,NULL
"75702be5-dcf1-4aba-ba19-154d382381c5","c5765e61-63dd-45bd-a7b8-fa37c8173b73","7aa77b88-afc6-11ee-b485-9616de9ca6c5","RID","1","0","0","0","0","2024-04-18 08:33:11",NULL,"0",NULL,NULL
"75c173be-7dd0-495f-a7f3-fc355281c10b","62c51f8e-0213-43ec-9f50-1821026e98ee","850e90c6-cf06-41e5-92ac-f7ef32f3d67e","GenAI honeymoon","1","0","0","0","0","2024-05-15 14:59:33",NULL,"0",NULL,NULL
"76c4c1f1-9e8b-4e61-bd07-e05ca2f6e60d","98f83efd-8fd4-4ea5-8b66-d264443a705f","7aa77b88-afc6-11ee-b485-9616de9ca6c5","test_2","1","0","0","0","0","2024-05-07 07:36:47",NULL,"0",NULL,NULL
"76ead8df-758e-4293-88fd-bffbd46dedcf","dd18e740-dcbd-4a4c-9420-161fde5b7d14","7273cf8b-0bd5-492a-9ebb-d9918e6eeaea","Baromètre RH","1","0","0","0","0","2024-06-25 08:50:08",NULL,"0",NULL,NULL
"77601239-5605-4b18-aebe-53ee93dd0633","f09c294c-0453-4d8d-9c79-062116f2795e","850e90c6-cf06-41e5-92ac-f7ef32f3d67e","SAP","1","0","0","0","0","2024-05-21 16:50:37",NULL,"0",NULL,NULL
"77d9e334-1c59-42ed-a332-db302ebf1241","42880a26-592b-4ffa-a38b-ca6456026d3d","8bf207dc-479e-464b-a4c3-a3a40faa5995","Collection vide","1","0","0","0","0","2024-07-18 08:44:02",NULL,"0","0",NULL
"7983f034-9989-461a-acb3-e8952534d61f","89840787-b88e-44c6-8f29-187fbc1b8683","7aa77b88-afc6-11ee-b485-9616de9ca6c5","prod_adherent","1","0","0","0","0","2024-02-26 09:23:15",NULL,NULL,NULL,NULL
"799fca98-418f-4f50-afac-cb586159a252","d45e30c3-d3d1-4994-825f-4ed42029dcad","850e90c6-cf06-41e5-92ac-f7ef32f3d67e","Omexom1","1","0","0","0","0","2024-04-05 14:42:02",NULL,"0",NULL,NULL
"7af84211-95e6-4a9d-bd96-95822774663c","c0b066e1-dfe3-48c5-86f1-6be1cf2efaf9","7aa77b88-afc6-11ee-b485-9616de9ca6c5","collection 13","1","0","0","0",NULL,"2024-01-25 12:56:29",NULL,NULL,NULL,NULL
"7b3ea373-5dc2-4dbf-a305-7fb8407a8181","6ae5cfcc-cc76-4482-8972-fca4717b756f","2e0b8ae4-c030-11ee-9b54-0242c0a81004","Budget infra ovh","1","0","0","0","0","2024-06-17 17:38:09",NULL,"0",NULL,NULL
"7b48e6f4-82d7-4eee-8506-beb3493eec8d","51925ce5-53f2-4cb9-b831-d1cb9438b888","77e6314c-94ea-4728-8b5f-3f20b6c3356e","Concurrent myA","1","0","0","0","0","2024-06-27 21:09:35",NULL,"0",NULL,NULL
"7b9d34c5-73ee-4d63-961b-d4638cfa2572","ef7dd35d-145a-492e-a1ba-846933cd6492","2e0b8ae4-c030-11ee-9b54-0242c0a81004","test_1804","1","0","0","0","0","2024-06-06 15:04:45",NULL,"0",NULL,NULL
"7c35309a-52a0-4f08-ac2c-db95c6d0d67e","e9ebd42a-5073-4a5f-a1e5-166ca000fc6e","850e90c6-cf06-41e5-92ac-f7ef32f3d67e","Aleia4","1","0","0","0","0","2024-04-09 16:22:36",NULL,"0",NULL,NULL
"7c964f57-f69b-4460-93d8-be2ca6702748","abaf9064-762b-4ef3-bed8-5592585eb585","ee71a667-62ee-4866-9c5b-9842e7822f4b","CV Inf","1","0","0","0","0","2024-06-25 07:48:14",NULL,"0",NULL,NULL
"7eca5a51-a775-4b52-a1a3-729e59da2322","5ea775f3-bf45-4795-af64-c5b002a1435e","f16ff20c-851b-4e8e-bed5-718b30ada2c9","Collection vide","1","0","0","0","0","2024-07-26 10:01:32",NULL,"0","0","0"
"85835e66-62e7-42ab-a9c9-d17d496e66d1","cfe92f99-2963-4be2-be7f-b1ab0c099344","850e90c6-cf06-41e5-92ac-f7ef32f3d67e","Code du commerce","1","0","0","0","0","2024-05-16 16:05:31",NULL,"0",NULL,NULL
"85bf09ba-272f-448c-8bd9-8c993a7edb97","92057f79-bb4d-4623-864a-5c826cf5680f","7aa77b88-afc6-11ee-b485-9616de9ca6c5","test_1005","1","0","0","0","0","2024-05-10 07:10:14",NULL,"0",NULL,NULL
"86ae45b1-ee43-4b71-ab7d-4e24fec94933","5cb3a6f8-e12a-4bc4-bfee-94480a404eb6","7aa77b88-afc6-11ee-b485-9616de9ca6c5","axa 22","1","0","0","0","0","2024-04-02 15:26:33",NULL,"0",NULL,NULL
"87ace397-7564-4208-bc0d-08cbafe48a31","22d6e846-8688-4d6f-be44-fee8f61a88a1","2e0b8ae4-c030-11ee-9b54-0242c0a81004","Recette","1","0","0","0","0","2024-06-04 12:59:51",NULL,"0",NULL,NULL
"87c460c1-624a-4372-b161-9c26b4f6a885","56d25c32-e948-4fd2-bf7f-0a16db95cbc8","07ea82dc-d63d-11ee-b42d-9215b021ba2c","Rewired McKinsey","1","0","0","0","0","2024-02-28 16:13:24",NULL,NULL,NULL,NULL
"88f74ddb-d015-452e-a913-d97438039bed","05150287-9463-4397-b324-0d4f5b9f6d35","f6d12c1b-1456-11ef-be9a-0242c0a81005","Planning conducteurs","1","0","0","0","0","2024-06-29 15:50:30",NULL,"0",NULL,NULL
"8ab4f6dc-c68a-463d-a04a-a1ae1ecb2c39","d4bbc229-192b-413c-a519-f6810d66c95a","a68b20a3-58e6-4dbd-b83e-2763c5148896","CV inf","1","0","0","0","0","2024-06-17 07:37:35",NULL,"0",NULL,NULL
"8b0e209e-7f6f-452d-87c8-c42e49b05c61","b9ba95df-bc4e-4b88-897b-c6e7c32ae824","850e90c6-cf06-41e5-92ac-f7ef32f3d67e","Hospi Ouest test","1","0","0","0","0","2024-05-05 14:53:03",NULL,"0",NULL,NULL
"8bc1f970-c27c-4d8d-af89-a4203177bf85","45e53009-bd60-44d5-9feb-b5a619bab276","c854bddf-da9f-4c4c-99a1-ad0feafcd275","CV Inf","1","0","0","0","0","2024-06-25 08:57:22",NULL,"0",NULL,NULL
"8cda0810-4230-4305-8892-41c7d2a51f0c","064b62aa-dfea-4108-8e3f-540b60fe58b1","129f3f21-9a13-4671-a049-cb58840d7779","Virbac","1","0","0","0","0","2024-07-09 12:02:40",NULL,"0",NULL,NULL
"8e25e971-1f28-42d9-8597-974eb10fb93a","de97c41f-8bf0-4216-8382-b798a4217aec","2a4c4aca-bb67-4aa0-8411-b104fcd3d7ec","Sortie contre avis","1","0","0","0","0","2024-06-25 09:10:45",NULL,"0",NULL,NULL
"8e460d06-6b69-46c3-ae40-6b6e6a431e85","5b967284-2a3d-4980-b1a9-54d5fcc10572","7aa77b88-afc6-11ee-b485-9616de9ca6c5","test_1743","1","0","0","0","0","2024-05-16 14:43:17",NULL,"0",NULL,NULL
"8ed6620c-2f17-42d9-9d60-e2ddf29b40c2","3040f67c-5283-4de8-9e2e-2fd46d6beb79","850e90c6-cf06-41e5-92ac-f7ef32f3d67e","drivenets","1","0","0","0","0","2024-04-24 12:35:41",NULL,"0",NULL,NULL
"8fc6d934-3e2f-450b-8a39-ed0bcb037437","f15f375a-cfa0-4669-938f-cdd31b0a071e","8dab84f4-1805-49f9-bb0c-02849b3374e0","Test","1","0","0","0","0","2024-07-24 15:26:54",NULL,"0","0","0"
"9348d47b-0f91-4f2f-a66f-74da663f403d","2158b670-3f51-4037-8c25-17cefc00149f","77e6314c-94ea-4728-8b5f-3f20b6c3356e","Nutrition","1","0","0","0","0","2024-06-24 19:33:30",NULL,"0",NULL,NULL
"94be5108-5d82-45d3-bc8e-373f9db420b8","9e5641e3-947a-4ea6-a833-e41bfd2b5b4b","850e90c6-cf06-41e5-92ac-f7ef32f3d67e","Arc nar mA","1","0","0","0","0","2024-04-15 14:50:29",NULL,"0",NULL,NULL
"95c4e8fa-8c15-4072-84e9-597eadc4e79d","ae9f327c-b881-4d64-b042-c6e292f8954e","850e90c6-cf06-41e5-92ac-f7ef32f3d67e","Formation Obsidian","1","0","0","0","0","2024-07-25 10:39:50",NULL,"0","0","0"
"95cbd3b7-a457-45b5-b6c6-27c6df8aa703","65f46145-ddb2-45b5-8629-0b452cd2fc61","f38d5e2e-527c-46df-b171-3bc6c5ec2dd0","HISTOIRE","1","0","0","0","0","2024-07-09 05:11:43",NULL,"0",NULL,NULL
"980277d5-a67e-499c-ad61-c5daa614ec14","39a4e25b-ac94-481a-ba58-942db7935c75","77e6314c-94ea-4728-8b5f-3f20b6c3356e","COPYWRITING","1","0","0","0","0","2024-07-22 22:17:52",NULL,"0","0",NULL
"98370192-f9cb-4023-8510-12e9741319d5","8c79e59c-f113-45ad-9943-12530398bb44","7aa77b88-afc6-11ee-b485-9616de9ca6c5","axa assurances","1","0","0","0","0","2024-04-16 07:46:08",NULL,"0",NULL,NULL
"98392cf2-f7b1-4f5d-a9fe-d3efa67e7ebd","cca19e32-a221-4075-bcb1-24010e4ae3be","77e6314c-94ea-4728-8b5f-3f20b6c3356e","VIDE","1","0","0","0","0","2024-07-18 11:24:11",NULL,"0","0",NULL
"986b0eab-23e3-4b1e-a3dc-b020a1b850f5","0e1c726a-531d-416d-8ef7-259951f068fb","2a4c4aca-bb67-4aa0-8411-b104fcd3d7ec","Consentements","1","0","0","0","0","2024-06-25 09:04:55",NULL,"0",NULL,NULL
"98dc150f-1e76-4230-afb4-bbdf35338fce","3752ae61-46bf-4283-a273-13d40bf516cc","7aa77b88-afc6-11ee-b485-9616de9ca6c5","test_prod","1","0","0","0","0","2024-04-15 07:22:45",NULL,"0",NULL,NULL
"99677edf-b959-43a5-b1c0-0ce44ca72541","a0caf7b7-f731-41a1-9800-9600031612b3","7aa77b88-afc6-11ee-b485-9616de9ca6c5","Attestations","1","0","0","0",NULL,"2024-01-31 09:46:20",NULL,NULL,NULL,NULL
"99fdbd94-be17-4ede-ba12-3db11b5909f1","08795c5f-043b-4b00-b116-d587794a31d2","7aa77b88-afc6-11ee-b485-9616de9ca6c5","a13375f","1","0","0","0",NULL,"2024-01-25 12:44:41",NULL,NULL,NULL,NULL
"9a591883-013e-476f-abf8-70072ce692fc","f00ba97b-78de-4eda-b72e-a36ca138e5a2","850e90c6-cf06-41e5-92ac-f7ef32f3d67e","UPSKILL","1","0","0","0","0","2024-04-04 14:04:48",NULL,"0",NULL,NULL
"9a7ff3be-02ce-4ba2-95a1-ff889c197066","b2300d1a-66ec-4efd-a7ca-265f97cedca5","850e90c6-cf06-41e5-92ac-f7ef32f3d67e","Omexom","1","0","0","0","0","2024-04-05 14:35:22",NULL,"0",NULL,NULL
"9bf9c4ab-62ed-4fa7-b2b2-3a9b931637b4","c2067e8b-334d-4e1e-9316-e61abcd911a2","850e90c6-cf06-41e5-92ac-f7ef32f3d67e","Test coll vide","1","0","0","0","0","2024-07-10 10:21:44",NULL,"0","0",NULL
"9c00446e-f848-48b0-80ec-2e551655e8f3","98172bd1-a162-48bb-bef5-fe2c1d966190","7aa77b88-afc6-11ee-b485-9616de9ca6c5","YT1243","1","0","0","0","0","2024-08-06 09:43:22",NULL,"0","0","0"
"9d9af851-7d02-44b0-a336-b0a2d8fd154e","cae5d1a7-8931-4441-8920-c3cc879df951","850e90c6-cf06-41e5-92ac-f7ef32f3d67e","ivanti2","1","0","0","0","0","2024-04-16 11:16:36",NULL,"0",NULL,NULL
"9e0d22a4-20b1-4e1e-9348-3b1981a6c113","84dd2436-0ef9-405e-8ade-f8e10e3627cd","7273cf8b-0bd5-492a-9ebb-d9918e6eeaea","Consentements","1","0","0","0","0","2024-06-25 08:51:59",NULL,"0",NULL,NULL
"9f0b11b3-7b49-44e7-bc67-244660818bae","100741ba-a770-4e18-80f7-f1e1faa56cb6","850e90c6-cf06-41e5-92ac-f7ef32f3d67e","Armand GF","1","0","0","0","0","2024-06-12 16:37:36",NULL,"0",NULL,NULL
"9f47a3c7-dca6-4a0a-bc67-a4c897bdfcb6","405d5c33-7773-48d8-8ca2-cb9ada5813c9","850e90c6-cf06-41e5-92ac-f7ef32f3d67e","HGO RH","1","0","0","0","0","2024-06-14 12:22:59",NULL,"0",NULL,NULL
"9f677433-2708-49bb-b712-9da69e592028","cf8eba32-ff3d-4187-8356-46edc0a0847f","a68b20a3-58e6-4dbd-b83e-2763c5148896","Données RH","1","0","0","0","0","2024-06-17 07:39:13",NULL,"0",NULL,NULL
"a03525cd-1c99-47ca-95f8-2bb1cc6824a9","8c39f777-5515-4746-b95b-cbd5598c4ee1","6e5488de-b4ef-4e72-9737-618ce90a710a","RH","1","0","0","0","0","2024-06-24 15:22:21",NULL,"0",NULL,NULL
"a0f2428d-196d-497e-b0c4-0627eb6cc72d","cf260e1f-f49c-43e4-9a34-125752bc2d7e","77e6314c-94ea-4728-8b5f-3f20b6c3356e","education pop","1","0","0","0","0","2024-07-30 23:05:44",NULL,"0","0","0"
"a410fe49-0481-4fa6-86c0-4452edda9bb2","c22fd282-ee01-4ca8-b150-b0a76dac8116","6e5488de-b4ef-4e72-9737-618ce90a710a","Sortie contre avis","1","0","0","0","0","2024-06-24 15:24:43",NULL,"0",NULL,NULL
"a4a31e81-2202-408c-b52b-438c96fbc673","aa1a71f5-66e4-47bc-a0e7-5ba5f08307af","ee71a667-62ee-4866-9c5b-9842e7822f4b","Consentement","1","0","0","0","0","2024-06-25 07:55:48",NULL,"0",NULL,NULL
"a58e1ada-7ff3-41b3-be7f-71e7872111ae","03cfc20e-d1f5-4147-8e7b-94a10b5a1172","850e90c6-cf06-41e5-92ac-f7ef32f3d67e","Histoire de France","1","0","0","0","0","2024-05-27 15:43:53",NULL,"0",NULL,NULL
"a6557964-2dc4-49c8-a14d-1dca607a4358","ef78c130-b14d-469e-b636-f2a238468981","7aa77b88-afc6-11ee-b485-9616de9ca6c5","recrut","1","0","0","0","0","2024-08-06 08:22:31",NULL,"0","0","0"
"a99d0ab8-adea-4fab-ae0a-d3d98fe5ff2e","b6db2b33-229e-47e7-a5d4-591881000f02","a68b20a3-58e6-4dbd-b83e-2763c5148896","Consentement","1","0","0","0","0","2024-06-17 07:36:07",NULL,"0",NULL,NULL
"a9b301e3-b421-4c80-a785-1a4274345bb0","6fc9ee4d-4a29-475d-96eb-8b1fc6404a85","7aa77b88-afc6-11ee-b485-9616de9ca6c5","okay 2","1","0","0","0",NULL,"2024-01-25 14:13:30",NULL,NULL,NULL,NULL
"aafb8fc6-6e73-4dca-92f2-618b27bd72e3","a30393e6-06ea-4ef3-a423-7f15c411fbdc","7aa77b88-afc6-11ee-b485-9616de9ca6c5","CODE PENAL","1","0","0","0","0","2024-07-25 13:50:11",NULL,"0","0","0"
"ab05186c-f2cb-4d8c-bf65-e90172dcb392","fb2c9082-5e1a-46d3-b046-3396477e7914","850e90c6-cf06-41e5-92ac-f7ef32f3d67e","LP mA","1","0","0","0","0","2024-07-30 14:15:15",NULL,"0","0","0"
"ab2ae71d-9cfd-4da3-8c05-53a92517f61c","0348cbb5-aef2-4e15-9bb9-7bb14fbeb028","77e6314c-94ea-4728-8b5f-3f20b6c3356e","ONBOARDING","1","0","0","0","0","2024-07-09 18:58:25",NULL,"0","0",NULL
"ac7a1e4b-2c05-4dc4-befb-7a9257add994","992e4bbd-97d9-48b6-bd71-e90cd29193de","2e0b8ae4-c030-11ee-9b54-0242c0a81004","email modèle ","1","0","0","0","0","2024-02-29 13:29:40",NULL,NULL,NULL,NULL
"ad7c2a8c-f7c9-4b83-a0bb-8a5716ca8086","f8844c15-8e39-4a31-bb90-6114e0fa0011","7aa77b88-afc6-11ee-b485-9616de9ca6c5","test_3","1","0","0","0","0","2024-05-07 12:51:21",NULL,"0",NULL,NULL
"ada40f4b-b1f3-4b32-a671-12c35322314c","18fa9c4b-c34f-44be-b232-f0f1858599bb","77e6314c-94ea-4728-8b5f-3f20b6c3356e","MKG & PSY","1","0","0","0","0","2024-04-05 20:48:36",NULL,"0",NULL,NULL
"b1014dbf-07be-407c-942e-85426dd57283","a930a083-f4e3-4308-a106-85ac39b1236e","77e6314c-94ea-4728-8b5f-3f20b6c3356e","Constitution FR","1","0","0","0","0","2024-07-30 10:52:47",NULL,"0","0","0"
"b4d93636-df57-4ede-9ebe-3452e1ce891d","dbad6d40-eccc-4a5d-b482-824524f4f621","2e0b8ae4-c030-11ee-9b54-0242c0a81004","Irok Devis","1","0","0","0","0","2024-04-16 07:59:14",NULL,"0",NULL,NULL
"b4ea595f-80f1-4b18-aa21-5453e00e7c30","44231d2e-48d5-4fc7-af5c-5c3a76b247c2","7aa77b88-afc6-11ee-b485-9616de9ca6c5","Avis d'échéance","1","0","0","0",NULL,"2024-01-31 09:47:19",NULL,NULL,NULL,NULL
"b5c55f5f-3b08-4d26-9b79-207b1369348a","8b75ff80-bb9e-4949-9863-be7c3922476e","850e90c6-cf06-41e5-92ac-f7ef32f3d67e","Formation S&P mp4","1","0","0","0","0","2024-06-06 15:56:12",NULL,"0",NULL,NULL
"b7ba6b50-5f61-491f-95d5-9ea0aa8e6116","f3277895-3e73-48bb-96a5-6e81981f65c7","850e90c6-cf06-41e5-92ac-f7ef32f3d67e","HGO CV","1","0","0","0","0","2024-06-14 11:58:30",NULL,"0",NULL,NULL
"b9074cfd-a4a1-4d61-bd9c-9b45694a966d","ee796fa0-72a2-44d1-b4ea-e810fe10d29c","f38d5e2e-527c-46df-b171-3bc6c5ec2dd0","RA AGGLOPOLYS","1","0","0","0","0","2024-07-08 15:35:40",NULL,"0",NULL,NULL
"baf3362b-4d12-412e-b0fe-862073198ed0","a70d8dde-a371-4802-b392-f32750ac1028","6e5488de-b4ef-4e72-9737-618ce90a710a","CV Inf","1","0","0","0","0","2024-06-24 15:26:39",NULL,"0",NULL,NULL
"bb873ce7-c425-4f0f-8bfd-258600dd5636","9761b9e1-0dc2-4c4c-8a75-92294bfe953c","f38d5e2e-527c-46df-b171-3bc6c5ec2dd0","AGGLOPOLYS ELEMENTS CLES","1","0","0","0","0","2024-07-08 19:00:41",NULL,"0",NULL,NULL
"bde02504-b5e4-4824-aa66-c1e1de7d1d95","60187226-37c4-449c-95d7-1cb71cfd63ef","2e0b8ae4-c030-11ee-9b54-0242c0a81004","test ","1","0","0","0","0","2024-04-22 12:01:44",NULL,"0",NULL,NULL
"be32c6f5-482b-44aa-8936-85a1888a8d76","e768fd5f-0a44-4449-b4d8-8dd1a8d4c003","7273cf8b-0bd5-492a-9ebb-d9918e6eeaea","CV Inf","1","0","0","0","0","2024-06-25 08:46:51",NULL,"0",NULL,NULL
"be479a77-fe1f-45c3-99ee-a0f603b14f96","522f6b64-2494-4586-9b92-e8b0e8308f89","c854bddf-da9f-4c4c-99a1-ad0feafcd275","test hdj","1","0","0","0","0","2024-06-26 09:40:13",NULL,"0",NULL,NULL
"c2aeca24-2026-4e74-ae40-c639cc9dd5f1","76f2b3d6-68de-47ae-ab1b-44ea857ba892","c12478fa-7571-4d5b-b7b8-078b6ce1049f","Collection vide","1","0","0","0","0","2024-07-30 16:33:48",NULL,"0","0","0"
"c399ab25-3d31-4c69-b6af-a337f5388e05","98ef7c57-c062-4728-97f7-dba1c9c39e22","850e90c6-cf06-41e5-92ac-f7ef32f3d67e","Aleia1","1","0","0","0","0","2024-04-05 14:42:02",NULL,"0",NULL,NULL
"c64eeca8-fcd9-406b-b246-57854b9d6f7f","0172ad81-7e0d-40c5-b5bc-6c00ed373f38","7aa77b88-afc6-11ee-b485-9616de9ca6c5","tadam 2","1","0","0","0",NULL,"2024-01-25 13:03:02",NULL,NULL,NULL,NULL
"c7048e42-7492-43e9-ae57-5196fec3fde2","eff4d446-c581-4d8b-8081-ca9bd484de2c","c854bddf-da9f-4c4c-99a1-ad0feafcd275","Consentements","1","0","0","0","0","2024-06-25 09:02:49",NULL,"0",NULL,NULL
"c7165efd-a964-4484-986d-2d4266990b2f","f0885ac6-fa4b-4d92-b701-f454156aca74","2e0b8ae4-c030-11ee-9b54-0242c0a81004","my auxillium","1","0","0","0","0","2024-04-22 08:03:15",NULL,"0",NULL,NULL
"c7bbcf7f-8e2f-4410-a92a-ce1901a298d6","c9ae6577-e171-42b7-85ea-237f9665b8f0","2a4c4aca-bb67-4aa0-8411-b104fcd3d7ec","Baromètre RH","1","0","0","0","0","2024-06-25 09:02:48",NULL,"0",NULL,NULL
"c7e20568-679e-44a2-bb6e-684b4170608a","94db6531-1108-47c8-8449-a5d46c331697","850e90c6-cf06-41e5-92ac-f7ef32f3d67e","Aleia3","1","0","0","0","0","2024-04-05 15:45:02",NULL,"0",NULL,NULL
"c800da54-f23a-4c51-8e8e-b854ddcd306e","b0b90cdd-59d1-409e-b2c6-9c9ea381fb53","77e6314c-94ea-4728-8b5f-3f20b6c3356e","APRIL DUNFORD","1","0","0","0","0","2024-07-04 17:51:30",NULL,"0",NULL,NULL
"cd094185-a69e-4673-b497-30f2676391fb","f603a507-bb38-429b-bcd8-1024c0d587bd","77e6314c-94ea-4728-8b5f-3f20b6c3356e","Philo","1","0","0","0","0","2024-07-31 14:57:23",NULL,"0","0","0"
"cd0e9f6e-1580-4238-98e0-e24bcd3f1007","80442393-d7f8-4784-b6ea-0a3824f3c750","ee71a667-62ee-4866-9c5b-9842e7822f4b","Idéation IA","1","0","0","0","0","2024-06-25 07:59:32",NULL,"0",NULL,NULL
"cd45846e-d107-4922-9bcb-034b3f98533b","7739090a-4d08-42e0-bde5-2d9a20d2b8bf","7aa77b88-afc6-11ee-b485-9616de9ca6c5","test john","1","0","0","0","0","2024-07-04 21:11:01",NULL,"0",NULL,NULL
"cde16da0-a4c8-4f7e-83fe-590618a476e8","24128eff-e8f8-4dc4-a3ec-8bc37bc91c5c","850e90c6-cf06-41e5-92ac-f7ef32f3d67e","ECOCONCEPTION","1","0","0","0","0","2024-04-04 16:06:10",NULL,"0",NULL,NULL
"ce35d9b5-0260-45cf-a844-b840d63950e2","75fe9c89-d2dd-46d3-8c58-30133f2a8ee6","2e0b8ae4-c030-11ee-9b54-0242c0a81004","GUIDE dsi","1","0","0","0","0","2024-06-17 08:10:09",NULL,"0",NULL,NULL
"ce730c74-c35b-44ea-b5f9-f3a85bf27375","831ff377-763c-416d-8f51-4f71eb00a73e","7aa77b88-afc6-11ee-b485-9616de9ca6c5","axa","1","0","0","0","0","2024-04-02 14:52:22",NULL,"0",NULL,NULL
"cf7706b6-ff0a-474e-9a79-f040b9363ad4","b80820a9-73b3-41e7-a1d3-f43967307049","850e90c6-cf06-41e5-92ac-f7ef32f3d67e","Style Victor Hugo","1","0","0","0","0","2024-07-19 16:43:33",NULL,"0","0",NULL
"cfe09727-e806-420f-93cf-df3a18584ac9","229d923c-b0fa-4fca-8791-2596c47d596d","2e0b8ae4-c030-11ee-9b54-0242c0a81004","Cahier de charge","1","0","0","0","0","2024-02-29 13:17:09",NULL,NULL,NULL,NULL
"d1d58c3f-c920-44b7-9616-0c67440418e9","c8ad8cc0-a907-4c73-876b-4bd387f3e9b3","850e90c6-cf06-41e5-92ac-f7ef32f3d67e","FAQ mA","1","0","0","0","0","2024-07-15 16:08:32",NULL,"0","0",NULL
"d21306da-517f-4248-8cfd-f3ee75ad7ec4","3fcd2bdf-1f6b-4801-ba8a-338654f8505e","2e0b8ae4-c030-11ee-9b54-0242c0a81003","Collection vide","1","0","0","0","0","2024-08-03 12:44:16",NULL,"0","0","0"
"d271f33b-1b0a-4db3-9c17-800d11ada8e2","e3b9fa12-3c05-44ed-8dc9-d41ea43b8f37","7aa77b88-afc6-11ee-b485-9616de9ca6c5","test_volum","1","0","0","0","0","2024-05-27 08:14:47",NULL,"0",NULL,NULL
"d27c830c-0b15-4655-874c-0e0348191382","beea43bc-f066-4302-acea-336b30979054","7aa77b88-afc6-11ee-b485-9616de9ca6c5","oidiojaio","1","0","0","0",NULL,"2024-01-25 12:45:28",NULL,NULL,NULL,NULL
"d3137c3b-0e31-4556-a8e6-a9b31a342ee4","0efd45b0-c752-4ca0-bbed-991567bd7748","7aa77b88-afc6-11ee-b485-9616de9ca6c5","mp3","1","0","0","0","0","2024-07-25 08:02:48",NULL,"0","0","0"
"d350092b-40f4-4f5a-b175-5afed27c856a","5113b23e-a637-4e58-99ae-49621dab3b80","850e90c6-cf06-41e5-92ac-f7ef32f3d67e","Aleia2","1","0","0","0","0","2024-04-05 15:16:09",NULL,"0",NULL,NULL
"d3cb6a40-eced-4a11-8620-7b82b43cd42c","e0493154-7295-4b8b-883e-9ad62a3600da","2e0b8ae4-c030-11ee-9b54-0242c0a81004","CODE PENAL","1","0","0","0","0","2024-05-27 13:42:46",NULL,"0",NULL,NULL
"d5d7b2ac-4c36-40be-9ff0-ac48ba10ebdd","6d3138df-e2dc-4b9f-ba30-4ca42aedf3c1","7aa77b88-afc6-11ee-b485-9616de9ca6c5","test1227","1","0","0","0","0","2024-05-31 09:28:05",NULL,"0",NULL,NULL
"d632bbfc-5a88-4257-9378-85d9ceadff10","46d58cae-784a-430b-9770-c54c4fbbe95e","7aa77b88-afc6-11ee-b485-9616de9ca6c5","Contrat Ostie","1","0","0","0",NULL,"2024-02-13 12:57:28",NULL,NULL,NULL,NULL
"d6443201-06a9-4607-930a-d87856cca443","599c3894-62ad-49a0-99ac-45ea3c671429","7aa77b88-afc6-11ee-b485-9616de9ca6c5","YT_v0.1","1","0","0","0","0","2024-07-09 14:54:23",NULL,"0","0",NULL
"d72754c4-ae07-4613-b50b-5e0336680dae","7464f0cf-f7d6-403b-af90-c674e953e0bd","850e90c6-cf06-41e5-92ac-f7ef32f3d67e","HGO indicateurs","1","0","0","0","0","2024-06-14 11:51:32",NULL,"0",NULL,NULL
"d72bfa77-5310-4357-a507-d78b55f951cb","3a96f715-823b-4be4-aaaf-98a7cf269fd9","8dab84f4-1805-49f9-bb0c-02849b3374e0","Collection vide","1","0","0","0","0","2024-07-24 14:02:49",NULL,"0","0","0"
"d807eb86-d22d-4e5f-bf9c-de26a8904481","de594317-81d4-465b-8208-944523e958b2","2e0b8ae4-c030-11ee-9b54-0242c0a81004","Finance durable","1","0","0","0","0","2024-04-22 12:04:59",NULL,"0",NULL,NULL
"d81b5f10-0223-4f53-8f4c-9af2ff9811da","894abdee-2420-4872-91e9-d9a7bd372d69","2e0b8ae4-c030-11ee-9b54-0242c0a81004","SNCF","1","0","0","0","0","2024-02-29 15:32:54",NULL,NULL,NULL,NULL
"d8de73c7-19af-46df-b8a3-5a606f869b9e","0f1fdf54-3c76-4cf5-a794-0f53bfba93f1","2e0b8ae4-c030-11ee-9b54-0242c0a81004","VENUS ET MARS","1","0","0","0","0","2024-06-27 13:11:29",NULL,"0",NULL,NULL
"da58d7d3-2c03-413f-a674-5be3b41b51b7","b0c3f1b5-dfe8-483b-9376-d98fa54caa9c","c2cc789e-fbeb-11ee-8e00-0242c0a81002","AI case study","1","0","0","0","0","2024-07-15 16:54:42",NULL,"0","0",NULL
"daa6a419-946d-41f8-bcd7-27f24b45ce7c","813c520b-db43-4597-b48d-4164f34a0774","2e0b8ae4-c030-11ee-9b54-0242c0a81004","OSTIE CDC","1","0","0","0","0","2024-04-19 12:41:28",NULL,"0",NULL,NULL
"db74e8f8-a4e7-4084-ab35-be60b1318dd5","e6c527ee-c441-471d-b366-b2ffc1001135","850e90c6-cf06-41e5-92ac-f7ef32f3d67e","Podcast Alan","1","0","0","0","0","2024-06-27 17:43:37",NULL,"0",NULL,NULL
"dbce0086-29c2-4dae-8fd8-7b6ca3e27c4b","17e184fb-e211-4d30-b323-84a8f10c27b2","7aa77b88-afc6-11ee-b485-9616de9ca6c5","YT1824","1","0","0","0","0","2024-08-05 15:25:04",NULL,"0","0","0"
"dcf3e793-6d1b-4965-a87f-76f6c10d26ca","01ce12d9-b953-44b7-81db-22697221c17b","7aa77b88-afc6-11ee-b485-9616de9ca6c5","test 1","1","0","0","0",NULL,"2024-01-25 13:27:48",NULL,NULL,NULL,NULL
"dddce24f-5646-413c-baea-71a82d501745","f5300bca-c0c6-4909-a26a-4eff25d84f88","7aa77b88-afc6-11ee-b485-9616de9ca6c5","Information produit","1","0","0","0",NULL,"2024-01-31 09:47:52",NULL,NULL,NULL,NULL
"de02bcdc-ed3a-44ef-9f66-2ff3aef6ffc4","8bcc81a8-3da7-4e88-9a86-991b7a054461","7aa77b88-afc6-11ee-b485-9616de9ca6c5","okay","1","0","0","0",NULL,"2024-01-25 14:11:36",NULL,NULL,NULL,NULL
"df14ac20-b428-4188-ac7d-177ce6968777","fede1068-c1eb-44f8-a7fd-4a128d6917fa","850e90c6-cf06-41e5-92ac-f7ef32f3d67e","Product mkting","1","0","0","0","0","2024-07-02 10:51:30",NULL,"0",NULL,NULL
"df7336e6-081e-44ac-bb40-a802954e93c6","822bad42-ce61-4823-a763-3965fa2c9f68","5c427b8e-b7e8-4731-8f7c-3a88d69829b2","Twifone","1","0","0","0","0","2024-07-29 09:54:34",NULL,"0","0","0"
"e26b0214-6729-425d-9d18-f69e81a2ee83","12259a2c-1c81-4885-8b40-806b4c59b5bb","850e90c6-cf06-41e5-92ac-f7ef32f3d67e","CV JFG","1","0","0","0","0","2024-07-17 12:20:32",NULL,"0","0",NULL
"e308d818-2851-4e67-9587-2ecb323bb571","6f559cfb-8581-46bc-a6bf-4e2a81a50f2d","850e90c6-cf06-41e5-92ac-f7ef32f3d67e","Arc narratif","1","0","0","0","0","2024-05-29 13:42:53",NULL,"0",NULL,NULL
"e358678d-1bac-4d94-b2f1-967f7b8445c5","16a7b823-2c30-46d8-8378-abe1ec94dd4d","850e90c6-cf06-41e5-92ac-f7ef32f3d67e","Pitch deck mA","1","0","0","0","0","2024-05-01 16:22:50",NULL,"0",NULL,NULL
"e3781b1e-8786-424f-b979-6a4647c72b38","8bf737dd-82cb-4ceb-8da6-c0d015d1c516","a4fce0e1-cefb-4c75-bcf1-4ebdc4311e3f","recrut","1","0","1","0","0","2024-08-06 08:29:27",NULL,"0","0","0"
"e7cca053-7010-4ff4-8668-604f3b826635","33fa7d2f-fda3-4b6f-a55d-513f32f82372","850e90c6-cf06-41e5-92ac-f7ef32f3d67e","Training Obsidian","1","0","0","0","0","2024-07-30 12:10:16",NULL,"0","0","0"
"e87043f4-57e8-417a-ae65-bff3a96ffff8","1228a60f-541d-47ab-a1f1-884cbcac1986","f6d12c1b-1456-11ef-be9a-0242c0a81005","Benchmark rSe","1","0","0","0","0","2024-06-25 13:34:17",NULL,"0",NULL,NULL
"e8a845c4-9d3d-4bf0-989e-eeb8c3657d0f","ec3b3551-ac8d-406f-954c-efcf4318fbb3","2e0b8ae4-c030-11ee-9b54-0242c0a81004","Bacc SVT","1","0","0","0","0","2024-06-05 08:41:30",NULL,"0",NULL,NULL
"e94dc56f-f41f-4b7b-bcd4-84954a286cd0","7c1dfb16-1cfa-4433-86af-53180f54173b","2a4c4aca-bb67-4aa0-8411-b104fcd3d7ec","CV Inf","1","0","0","0","0","2024-06-25 09:08:22",NULL,"0",NULL,NULL
"e9886f70-c410-4baf-a5cc-42c8df21f303","ce5f989d-637a-45c5-8dc5-0ae489e9f242","850e90c6-cf06-41e5-92ac-f7ef32f3d67e","Statuts CG vf2","1","0","0","0","0","2024-07-29 09:25:52",NULL,"0","0","0"
"e9e07a19-2769-4c4c-bdbc-cdc5c92e4050","1e1a2d62-b2b4-4889-96f6-9c25424e89d1","c2cc789e-fbeb-11ee-8e00-0242c0a81002","Collection vide","1","0","0","0","0","2024-07-15 11:38:58",NULL,"0","0",NULL
"ec70ad9c-da1e-4b2e-92a5-dc348bd6faf0","68ea565b-5625-4aa8-b25d-c5e7f9e61abf","850e90c6-cf06-41e5-92ac-f7ef32f3d67e","Omexom2","1","0","0","0","0","2024-04-05 15:16:09",NULL,"0",NULL,NULL
"ec9693b2-b5d8-419f-861d-0403d071ea76","2fa6f7fb-b1c8-46b1-848a-3ab08bc6f862","850e90c6-cf06-41e5-92ac-f7ef32f3d67e","Soft Skills","1","0","0","0","0","2024-07-03 15:08:32",NULL,"0",NULL,NULL
"edf2e53c-cdf6-4b4d-a776-f397e3688bf5","40afe517-813c-4286-ad1b-240f13b52105","b0cf2fd7-6da0-4acf-a222-c6a1c97da1af","test","1","0","0","0","0","2024-07-25 14:27:48",NULL,"0","0","0"
"eee273b4-a7c9-4366-aac8-bdf3dd3561c5","6677920f-ca44-492d-b969-e92486665f39","7aa77b88-afc6-11ee-b485-9616de9ca6c5","okil","1","0","0","0","0","2024-05-13 10:27:11",NULL,"0",NULL,NULL
"ef875d9b-6b9b-4ef0-ba5c-6887b7767746","5a8c2c38-2de5-424c-96e0-14a0f1a8a21e","850e90c6-cf06-41e5-92ac-f7ef32f3d67e","Recrutement","1","0","0","0","0","2024-05-15 15:53:09",NULL,"0",NULL,NULL
"efc67b6a-d548-40d5-90fc-5a204a52caa7","853ef325-ea0c-4b4b-b28d-48d344790709","850e90c6-cf06-41e5-92ac-f7ef32f3d67e","CGV mA","1","0","0","0","0","2024-07-15 13:17:33",NULL,"0","0",NULL
"f0f1a15d-ece9-4dbd-8139-405ce6669c7d","d9a99282-57de-4cdb-8323-ccecb8d7e797","d4da9920-fbeb-11ee-8e00-0242c0a81002","Ivane","1","0","0","0","0","2024-06-17 15:12:16",NULL,"0",NULL,NULL
"f14f39a8-2cda-4e69-ba2c-5ccb56889703","456bb285-0a95-478f-9407-64fe9018e17c","c854bddf-da9f-4c4c-99a1-ad0feafcd275","Idéation IA","1","0","0","0","0","2024-06-25 09:40:19",NULL,"0",NULL,NULL
"f1c3e776-8377-4a47-b76d-08a7f871bb47","454eaaa9-53cf-4bb3-80dd-2e80a8dc345c","2e0b8ae4-c030-11ee-9b54-0242c0a81004","Enship","1","0","0","0","0","2024-06-12 12:09:01",NULL,"0",NULL,NULL
"f305cd38-9b5c-4b78-b39e-aad0d26a78c9","08086140-7441-4db5-b08c-0616052c27db","7aa77b88-afc6-11ee-b485-9616de9ca6c5","CODE DU TRAVAIL","1","0","0","0","0","2024-08-02 09:11:23",NULL,"0","0","0"
"f3b90003-048e-467b-801e-4eaa65ae3d52","7caa9730-970d-40a9-a9c4-fa6916647407","6e5488de-b4ef-4e72-9737-618ce90a710a","Consentement","1","0","0","0","0","2024-06-24 15:20:30",NULL,"0",NULL,NULL
"f4709151-03b0-41bb-8fd7-8324d31ffcd0","a67f941d-3595-4359-9685-f5b4d70669ed","850e90c6-cf06-41e5-92ac-f7ef32f3d67e","Revue de presse","1","0","0","0","0","2024-07-14 12:37:42",NULL,"0","0",NULL
"f5276c4d-5301-4a0d-b996-00ce5643f034","933bb044-9764-421f-8eb3-5f67626f3282","77e6314c-94ea-4728-8b5f-3f20b6c3356e","PLG","1","0","0","0","0","2024-07-15 09:40:34",NULL,"0","0",NULL
"f6bb243d-af32-40b7-b28e-6ff69880f2b7","2632f8a4-c40b-4648-a04f-d9eec67d32c8","850e90c6-cf06-41e5-92ac-f7ef32f3d67e","Kant vs Hegel","1","0","0","0","0","2024-04-28 13:29:49",NULL,"0",NULL,NULL
"f6d222ac-5bd3-4d36-8c1d-522171b919f3","5061c9f2-1b85-43b3-97a3-dbd57651a1d8","c12478fa-7571-4d5b-b7b8-078b6ce1049f","TEST CDC","1","0","0","0","0","2024-07-30 16:34:59",NULL,"0","0","0"
"f7d2cb94-5b31-43c1-8847-bb51b6bfc368","3a365ab0-4414-4977-b5ae-aa6a7860182e","850e90c6-cf06-41e5-92ac-f7ef32f3d67e","Webinar IA mp3","1","0","0","0","0","2024-06-06 16:33:39",NULL,"0",NULL,NULL
"f7fd91c5-70a5-4911-926a-37145a8b8bda","78a98b4e-3df3-423e-be5c-ef203172fd07","850e90c6-cf06-41e5-92ac-f7ef32f3d67e","RID","1","0","0","0","0","2024-04-22 09:27:49",NULL,"0",NULL,NULL
"f97c68de-7559-4cd8-b5a2-793502803d7c","ab977dc1-b09f-41e2-96aa-8c126b1adf85","7aa77b88-afc6-11ee-b485-9616de9ca6c5","tadam 3","1","0","0","0",NULL,"2024-01-25 13:03:39",NULL,NULL,NULL,NULL
"f9bb5eb8-1de9-484a-9bd0-e5102a704184","0b44b94c-ac00-4d06-99d8-4ad55dbef608","850e90c6-cf06-41e5-92ac-f7ef32f3d67e","Branding","1","0","0","0","0","2024-04-23 08:27:25",NULL,"0",NULL,NULL
"f9e8af02-e679-447e-998f-18a6eab71216","12077878-ac26-477d-b4b4-a98bb9a89bec","850e90c6-cf06-41e5-92ac-f7ef32f3d67e","Package commerciaux","1","0","0","0","0","2024-05-27 17:09:01",NULL,"0",NULL,NULL
"faaa3fe2-9900-4a01-8081-17957123c0be","b0ec8dc4-e8a1-464d-8875-44ed268314ae","2e0b8ae4-c030-11ee-9b54-0242c0a81004","test safari","1","0","0","0","0","2024-07-22 12:17:08",NULL,"0","0",NULL
"fbfa59dc-fd4f-49fd-9852-021b48a161e6","b47944dc-bfa3-4f3f-a189-3a3b18cb1abc","7aa77b88-afc6-11ee-b485-9616de9ca6c5","git reset --hard HEAD~1","1","0","0","0",NULL,"2024-01-25 12:50:15",NULL,NULL,NULL,NULL
"fc74fe0d-55b1-4c04-8798-8a2b82fd07e7","63303d22-0808-4046-a394-b5d8f765218e","7aa77b88-afc6-11ee-b485-9616de9ca6c5","pull","1","0","0","0",NULL,"2024-01-25 12:32:43",NULL,NULL,NULL,NULL
"fcced9c3-a666-436e-bff3-cc065450d0d5","2c3dd1c3-ebe9-4f1b-8c49-0bcf980d5770","db1839ab-c030-11ee-9b54-0242c0a81003","CSS 2","1","0","0","0",NULL,"2024-02-01 08:09:00",NULL,NULL,NULL,NULL
"fcd8a5e0-ae65-402f-9c02-17f99e9a5b5a","5715f3c8-0716-4779-95db-c68fcf29ed67","7aa77b88-afc6-11ee-b485-9616de9ca6c5","Collection vide","1","0","1","0","0","2024-08-06 11:57:33",NULL,"0","0","0"
"fe53c8ef-8ec2-4424-809c-d39a6540d85c","48715664-22a3-4876-8645-ff71f6838363","c12478fa-7571-4d5b-b7b8-078b6ce1049f","TEST HTML CSS","1","0","0","0","0","2024-07-30 17:02:11",NULL,"0","0","0"
